{
"zone": [
    {
    "yOffset": "59",
    "xOffset": "67",
    "width": "8",
    "height": "8",
    "isLava": "0",
    "regionId": "1",
    "description": "Camelot Hills",
    "id": "0"
    },
    {
    "yOffset": "67",
    "xOffset": "67",
    "width": "8",
    "height": "8",
    "isLava": "0",
    "regionId": "1",
    "description": "Salisbury Plains",
    "id": "1"
    },
    {
    "yOffset": "53",
    "xOffset": "59",
    "width": "8",
    "height": "8",
    "isLava": "0",
    "regionId": "1",
    "description": "Black Mtns. South",
    "id": "2"
    },
    {
    "yOffset": "45",
    "xOffset": "59",
    "width": "8",
    "height": "8",
    "isLava": "0",
    "regionId": "1",
    "description": "Black Mtns. North",
    "id": "3"
    },
    {
    "yOffset": "85",
    "xOffset": "43",
    "width": "8",
    "height": "8",
    "isLava": "0",
    "regionId": "1",
    "description": "Dartmoor",
    "id": "4"
    },
    {
    "yOffset": "77",
    "xOffset": "43",
    "width": "8",
    "height": "8",
    "isLava": "0",
    "regionId": "1",
    "description": "Cornwall",
    "id": "6"
    },
    {
    "yOffset": "45",
    "xOffset": "51",
    "width": "8",
    "height": "8",
    "isLava": "0",
    "regionId": "1",
    "description": "Llyn Barfog",
    "id": "7"
    },
    {
    "yOffset": "71",
    "xOffset": "59",
    "width": "8",
    "height": "8",
    "isLava": "0",
    "regionId": "1",
    "description": "Campacorentin Forest",
    "id": "8"
    },
    {
    "yOffset": "75",
    "xOffset": "51",
    "width": "8",
    "height": "8",
    "isLava": "0",
    "regionId": "1",
    "description": "Avalon Marsh",
    "id": "9"
    },
    {
    "yOffset": "77",
    "xOffset": "35",
    "width": "8",
    "height": "8",
    "isLava": "0",
    "regionId": "1",
    "description": "Lyonesse",
    "id": "10"
    },
    {
    "yOffset": "51",
    "xOffset": "69",
    "width": "8",
    "height": "8",
    "isLava": "0",
    "regionId": "1",
    "description": "Forest Sauvage",
    "id": "11"
    },
    {
    "yOffset": "37",
    "xOffset": "61",
    "width": "8",
    "height": "8",
    "isLava": "0",
    "regionId": "1",
    "description": "Snowdonia",
    "id": "12"
    },
    {
    "yOffset": "64",
    "xOffset": "64",
    "width": "8",
    "height": "8",
    "isLava": "0",
    "regionId": "2",
    "description": "Caerwent",
    "id": "13"
    },
    {
    "yOffset": "43",
    "xOffset": "69",
    "width": "8",
    "height": "8",
    "isLava": "0",
    "regionId": "1",
    "description": "Pennine Mountains",
    "id": "14"
    },
    {
    "yOffset": "35",
    "xOffset": "73",
    "width": "8",
    "height": "8",
    "isLava": "0",
    "regionId": "1",
    "description": "Hadrian's Wall",
    "id": "15"
    },
    {
    "yOffset": "72",
    "xOffset": "64",
    "width": "8",
    "height": "8",
    "isLava": "0",
    "regionId": "2",
    "description": "Old Sarum",
    "id": "16"
    },
    {
    "yOffset": "56",
    "xOffset": "64",
    "width": "8",
    "height": "8",
    "isLava": "0",
    "regionId": "2",
    "description": "Rilan",
    "id": "17"
    },
    {
    "yOffset": "64",
    "xOffset": "56",
    "width": "8",
    "height": "8",
    "isLava": "0",
    "regionId": "2",
    "description": "Dalton",
    "id": "18"
    },
    {
    "yOffset": "1",
    "xOffset": "1",
    "width": "8",
    "height": "8",
    "isLava": "0",
    "regionId": "20",
    "description": "Stonehenge Barrows",
    "id": "19"
    },
    {
    "yOffset": "56",
    "xOffset": "56",
    "width": "8",
    "height": "8",
    "isLava": "0",
    "regionId": "2",
    "description": "Brisworthy",
    "id": "20"
    },
    {
    "yOffset": "1",
    "xOffset": "1",
    "width": "8",
    "height": "8",
    "isLava": "0",
    "regionId": "21",
    "description": "Tomb of Mithra",
    "id": "21"
    },
    {
    "yOffset": "1",
    "xOffset": "1",
    "width": "8",
    "height": "8",
    "isLava": "0",
    "regionId": "22",
    "description": "Keltoi Fogou",
    "id": "22"
    },
    {
    "yOffset": "1",
    "xOffset": "1",
    "width": "8",
    "height": "8",
    "isLava": "0",
    "regionId": "23",
    "description": "Catacombs of Cardova",
    "id": "23"
    },
    {
    "yOffset": "1",
    "xOffset": "1",
    "width": "8",
    "height": "8",
    "isLava": "0",
    "regionId": "24",
    "description": "Tepok's Mine",
    "id": "24"
    },
    {
    "yOffset": "1",
    "xOffset": "1",
    "width": "8",
    "height": "8",
    "isLava": "0",
    "regionId": "10",
    "description": "City of Camelot",
    "id": "26"
    },
    {
    "yOffset": "8",
    "xOffset": "8",
    "width": "8",
    "height": "8",
    "isLava": "0",
    "regionId": "27",
    "description": "Constantine's Sound",
    "id": "27"
    },
    {
    "yOffset": "24",
    "xOffset": "24",
    "width": "8",
    "height": "8",
    "isLava": "0",
    "regionId": "27",
    "description": "Grenlock's Sound",
    "id": "28"
    },
    {
    "yOffset": "40",
    "xOffset": "40",
    "width": "8",
    "height": "8",
    "isLava": "0",
    "regionId": "27",
    "description": "Lamfhota's Sound",
    "id": "29"
    },
    {
    "yOffset": "64",
    "xOffset": "32",
    "width": "8",
    "height": "8",
    "isLava": "0",
    "regionId": "30",
    "description": "Oceanus Hesperos",
    "id": "30"
    },
    {
    "yOffset": "64",
    "xOffset": "40",
    "width": "8",
    "height": "8",
    "isLava": "0",
    "regionId": "30",
    "description": "Mesothalassa",
    "id": "31"
    },
    {
    "yOffset": "56",
    "xOffset": "40",
    "width": "8",
    "height": "8",
    "isLava": "0",
    "regionId": "30",
    "description": "Oceanus Boreal",
    "id": "32"
    },
    {
    "yOffset": "72",
    "xOffset": "40",
    "width": "8",
    "height": "8",
    "isLava": "0",
    "regionId": "30",
    "description": "Oceanus Notos",
    "id": "33"
    },
    {
    "yOffset": "64",
    "xOffset": "48",
    "width": "8",
    "height": "8",
    "isLava": "0",
    "regionId": "30",
    "description": "Oceanus Anatole",
    "id": "34"
    },
    {
    "yOffset": "1",
    "xOffset": "1",
    "width": "8",
    "height": "8",
    "isLava": "0",
    "regionId": "35",
    "description": "Cetus' Pit",
    "id": "35"
    },
    {
    "yOffset": "1",
    "xOffset": "1",
    "width": "8",
    "height": "8",
    "isLava": "0",
    "regionId": "36",
    "description": "Sobekite Eternal",
    "id": "36"
    },
    {
    "yOffset": "1",
    "xOffset": "1",
    "width": "8",
    "height": "8",
    "isLava": "0",
    "regionId": "37",
    "description": "Temple of Twilight",
    "id": "37"
    },
    {
    "yOffset": "48",
    "xOffset": "36",
    "width": "8",
    "height": "8",
    "isLava": "0",
    "regionId": "30",
    "description": "Stygian Delta",
    "id": "38"
    },
    {
    "yOffset": "48",
    "xOffset": "28",
    "width": "8",
    "height": "8",
    "isLava": "0",
    "regionId": "30",
    "description": "Land of Atum",
    "id": "39"
    },
    {
    "yOffset": "1",
    "xOffset": "1",
    "width": "8",
    "height": "8",
    "isLava": "0",
    "regionId": "40",
    "description": "Halls of Ma'ati",
    "id": "40"
    },
    {
    "yOffset": "64",
    "xOffset": "56",
    "width": "8",
    "height": "8",
    "isLava": "1",
    "regionId": "30",
    "description": "Typhon's Reach",
    "id": "41"
    },
    {
    "yOffset": "64",
    "xOffset": "64",
    "width": "8",
    "height": "8",
    "isLava": "1",
    "regionId": "30",
    "description": "Ashen Isles",
    "id": "42"
    },
    {
    "yOffset": "80",
    "xOffset": "44",
    "width": "8",
    "height": "8",
    "isLava": "0",
    "regionId": "30",
    "description": "Green Glades",
    "id": "43"
    },
    {
    "yOffset": "80",
    "xOffset": "52",
    "width": "8",
    "height": "8",
    "isLava": "0",
    "regionId": "30",
    "description": "Arbor Glen",
    "id": "44"
    },
    {
    "yOffset": "1",
    "xOffset": "1",
    "width": "8",
    "height": "8",
    "isLava": "0",
    "regionId": "45",
    "description": "the Great Pyramid of Stygia",
    "id": "45"
    },
    {
    "yOffset": "1",
    "xOffset": "1",
    "width": "8",
    "height": "8",
    "isLava": "0",
    "regionId": "46",
    "description": "Deep Volcanus",
    "id": "46"
    },
    {
    "yOffset": "1",
    "xOffset": "1",
    "width": "8",
    "height": "8",
    "isLava": "0",
    "regionId": "47",
    "description": "City of Aerus",
    "id": "47"
    },
    {
    "yOffset": "1",
    "xOffset": "1",
    "width": "8",
    "height": "8",
    "isLava": "0",
    "regionId": "48",
    "description": "Unused Mine",
    "id": "48"
    },
    {
    "yOffset": "1",
    "xOffset": "1",
    "width": "8",
    "height": "8",
    "isLava": "0",
    "regionId": "49",
    "description": "Rugnog's Haven",
    "id": "49"
    },
    {
    "yOffset": "1",
    "xOffset": "1",
    "width": "8",
    "height": "8",
    "isLava": "0",
    "regionId": "50",
    "description": "Avalon City",
    "id": "50"
    },
    {
    "yOffset": "60",
    "xOffset": "60",
    "width": "8",
    "height": "8",
    "isLava": "0",
    "regionId": "51",
    "description": "Isle of Glass",
    "id": "51"
    },
    {
    "yOffset": "54",
    "xOffset": "52",
    "width": "8",
    "height": "8",
    "isLava": "0",
    "regionId": "51",
    "description": "Avalon Isle",
    "id": "52"
    },
    {
    "yOffset": "46",
    "xOffset": "46",
    "width": "8",
    "height": "8",
    "isLava": "0",
    "regionId": "51",
    "description": "Dales of Devwy",
    "id": "53"
    },
    {
    "yOffset": "44",
    "xOffset": "38",
    "width": "8",
    "height": "8",
    "isLava": "0",
    "regionId": "51",
    "description": "Caldey",
    "id": "54"
    },
    {
    "yOffset": "52",
    "xOffset": "36",
    "width": "8",
    "height": "8",
    "isLava": "0",
    "regionId": "51",
    "description": "Gwyddneau",
    "id": "55"
    },
    {
    "yOffset": "58",
    "xOffset": "44",
    "width": "8",
    "height": "8",
    "isLava": "0",
    "regionId": "51",
    "description": "Aldland",
    "id": "56"
    },
    {
    "yOffset": "52",
    "xOffset": "28",
    "width": "8",
    "height": "8",
    "isLava": "0",
    "regionId": "51",
    "description": "Inishail Island",
    "id": "57"
    },
    {
    "yOffset": "1",
    "xOffset": "1",
    "width": "8",
    "height": "8",
    "isLava": "0",
    "regionId": "58",
    "description": "Midgard's Underground Forest",
    "id": "58"
    },
    {
    "yOffset": "1",
    "xOffset": "1",
    "width": "8",
    "height": "8",
    "isLava": "0",
    "regionId": "59",
    "description": "Albion's Glashtin Forges",
    "id": "59"
    },
    {
    "yOffset": "1",
    "xOffset": "1",
    "width": "8",
    "height": "8",
    "isLava": "0",
    "regionId": "60",
    "description": "Caer Sidi",
    "id": "60"
    },
    {
    "yOffset": "1",
    "xOffset": "1",
    "width": "8",
    "height": "8",
    "isLava": "0",
    "regionId": "61",
    "description": "Krondon",
    "id": "61"
    },
    {
    "yOffset": "1",
    "xOffset": "1",
    "width": "8",
    "height": "8",
    "isLava": "0",
    "regionId": "62",
    "description": "Crystal Cave",
    "id": "62"
    },
    {
    "yOffset": "1",
    "xOffset": "1",
    "width": "8",
    "height": "8",
    "isLava": "0",
    "regionId": "63",
    "description": "Roman Aqueducts",
    "id": "63"
    },
    {
    "yOffset": "72",
    "xOffset": "56",
    "width": "8",
    "height": "8",
    "isLava": "0",
    "regionId": "2",
    "description": "Aylesbury",
    "id": "64"
    },
    {
    "yOffset": "1",
    "xOffset": "1",
    "width": "8",
    "height": "8",
    "isLava": "0",
    "regionId": "65",
    "description": "Inconnu Crypt",
    "id": "65"
    },
    {
    "yOffset": "1",
    "xOffset": "1",
    "width": "8",
    "height": "8",
    "isLava": "0",
    "regionId": "66",
    "description": "Albion's Underground Forest",
    "id": "66"
    },
    {
    "yOffset": "1",
    "xOffset": "1",
    "width": "8",
    "height": "8",
    "isLava": "0",
    "regionId": "67",
    "description": "The Deadlands of Annwn",
    "id": "67"
    },
    {
    "yOffset": "1",
    "xOffset": "1",
    "width": "8",
    "height": "8",
    "isLava": "0",
    "regionId": "68",
    "description": "Lower Crypt",
    "id": "68"
    },
    {
    "yOffset": "1",
    "xOffset": "1",
    "width": "8",
    "height": "8",
    "isLava": "0",
    "regionId": "69",
    "description": "Albion's Darkspire",
    "id": "69"
    },
    {
    "yOffset": "64",
    "xOffset": "64",
    "width": "8",
    "height": "8",
    "isLava": "0",
    "regionId": "70",
    "description": "Ruins of Atlantis",
    "id": "70"
    },
    {
    "yOffset": "64",
    "xOffset": "64",
    "width": "8",
    "height": "8",
    "isLava": "0",
    "regionId": "71",
    "description": "Ruinerar av Atlantis",
    "id": "71"
    },
    {
    "yOffset": "64",
    "xOffset": "64",
    "width": "8",
    "height": "8",
    "isLava": "0",
    "regionId": "72",
    "description": "Scrios de Atlantis",
    "id": "72"
    },
    {
    "yOffset": "64",
    "xOffset": "32",
    "width": "8",
    "height": "8",
    "isLava": "0",
    "regionId": "73",
    "description": "Oceanus Hesperos",
    "id": "73"
    },
    {
    "yOffset": "64",
    "xOffset": "40",
    "width": "8",
    "height": "8",
    "isLava": "0",
    "regionId": "73",
    "description": "Mesothalassa",
    "id": "74"
    },
    {
    "yOffset": "56",
    "xOffset": "40",
    "width": "8",
    "height": "8",
    "isLava": "0",
    "regionId": "73",
    "description": "Oceanus Boreal",
    "id": "75"
    },
    {
    "yOffset": "72",
    "xOffset": "40",
    "width": "8",
    "height": "8",
    "isLava": "0",
    "regionId": "73",
    "description": "Oceanus Notos",
    "id": "76"
    },
    {
    "yOffset": "64",
    "xOffset": "48",
    "width": "8",
    "height": "8",
    "isLava": "0",
    "regionId": "73",
    "description": "Oceanus Anatole",
    "id": "77"
    },
    {
    "yOffset": "1",
    "xOffset": "1",
    "width": "8",
    "height": "8",
    "isLava": "0",
    "regionId": "78",
    "description": "Cetus' Pit",
    "id": "78"
    },
    {
    "yOffset": "1",
    "xOffset": "1",
    "width": "8",
    "height": "8",
    "isLava": "0",
    "regionId": "79",
    "description": "Sobekite Eternal",
    "id": "79"
    },
    {
    "yOffset": "1",
    "xOffset": "1",
    "width": "8",
    "height": "8",
    "isLava": "0",
    "regionId": "80",
    "description": "Temple of Twilight",
    "id": "80"
    },
    {
    "yOffset": "48",
    "xOffset": "36",
    "width": "8",
    "height": "8",
    "isLava": "0",
    "regionId": "73",
    "description": "Stygian Delta",
    "id": "81"
    },
    {
    "yOffset": "48",
    "xOffset": "28",
    "width": "8",
    "height": "8",
    "isLava": "0",
    "regionId": "73",
    "description": "Land of Atum",
    "id": "82"
    },
    {
    "yOffset": "1",
    "xOffset": "1",
    "width": "8",
    "height": "8",
    "isLava": "0",
    "regionId": "83",
    "description": "Halls of Ma'ati",
    "id": "83"
    },
    {
    "yOffset": "64",
    "xOffset": "56",
    "width": "8",
    "height": "8",
    "isLava": "1",
    "regionId": "73",
    "description": "Typhon's Reach",
    "id": "84"
    },
    {
    "yOffset": "64",
    "xOffset": "64",
    "width": "8",
    "height": "8",
    "isLava": "1",
    "regionId": "73",
    "description": "Ashen Isles",
    "id": "85"
    },
    {
    "yOffset": "80",
    "xOffset": "44",
    "width": "8",
    "height": "8",
    "isLava": "0",
    "regionId": "73",
    "description": "Green Glades",
    "id": "86"
    },
    {
    "yOffset": "80",
    "xOffset": "52",
    "width": "8",
    "height": "8",
    "isLava": "0",
    "regionId": "73",
    "description": "Arbor Glen",
    "id": "87"
    },
    {
    "yOffset": "1",
    "xOffset": "1",
    "width": "8",
    "height": "8",
    "isLava": "0",
    "regionId": "88",
    "description": "the Great Pyramid of Stygia",
    "id": "88"
    },
    {
    "yOffset": "1",
    "xOffset": "1",
    "width": "8",
    "height": "8",
    "isLava": "0",
    "regionId": "89",
    "description": "Deep Volcanus",
    "id": "89"
    },
    {
    "yOffset": "1",
    "xOffset": "1",
    "width": "8",
    "height": "8",
    "isLava": "0",
    "regionId": "90",
    "description": "City of Aerus",
    "id": "90"
    },
    {
    "yOffset": "1",
    "xOffset": "1",
    "width": "8",
    "height": "8",
    "isLava": "0",
    "regionId": "91",
    "description": "Celestius",
    "id": "91"
    },
    {
    "yOffset": "1",
    "xOffset": "1",
    "width": "8",
    "height": "8",
    "isLava": "0",
    "regionId": "92",
    "description": "Veil Rift",
    "id": "92"
    },
    {
    "yOffset": "1",
    "xOffset": "1",
    "width": "8",
    "height": "8",
    "isLava": "0",
    "regionId": "93",
    "description": "Shar Labyrinth",
    "id": "93"
    },
    {
    "yOffset": "1",
    "xOffset": "1",
    "width": "8",
    "height": "8",
    "isLava": "0",
    "regionId": "94",
    "description": "The Queen's Labyrinth",
    "id": "94"
    },
    {
    "yOffset": "1",
    "xOffset": "1",
    "width": "8",
    "height": "8",
    "isLava": "0",
    "regionId": "95",
    "description": "Hibernia's Frontlines",
    "id": "95"
    },
    {
    "yOffset": "1",
    "xOffset": "1",
    "width": "8",
    "height": "8",
    "isLava": "0",
    "regionId": "96",
    "description": "Hibernia's Underground Forest",
    "id": "96"
    },
    {
    "yOffset": "1",
    "xOffset": "1",
    "width": "8",
    "height": "8",
    "isLava": "0",
    "regionId": "97",
    "description": "Hibernia's Deadlands",
    "id": "97"
    },
    {
    "yOffset": "1",
    "xOffset": "1",
    "width": "8",
    "height": "8",
    "isLava": "0",
    "regionId": "98",
    "description": "Hibernia's Darkspire",
    "id": "98"
    },
    {
    "yOffset": "1",
    "xOffset": "1",
    "width": "8",
    "height": "8",
    "isLava": "0",
    "regionId": "99",
    "description": "Hibernia's Glashtin Forge",
    "id": "99"
    },
    {
    "yOffset": "82",
    "xOffset": "92",
    "width": "8",
    "height": "8",
    "isLava": "0",
    "regionId": "100",
    "description": "Vale of Mularn",
    "id": "100"
    },
    {
    "yOffset": "90",
    "xOffset": "88",
    "width": "8",
    "height": "8",
    "isLava": "0",
    "regionId": "100",
    "description": "East Svealand",
    "id": "101"
    },
    {
    "yOffset": "90",
    "xOffset": "80",
    "width": "8",
    "height": "8",
    "isLava": "0",
    "regionId": "100",
    "description": "West Svealand",
    "id": "102"
    },
    {
    "yOffset": "98",
    "xOffset": "88",
    "width": "8",
    "height": "8",
    "isLava": "0",
    "regionId": "100",
    "description": "Gotar",
    "id": "103"
    },
    {
    "yOffset": "78",
    "xOffset": "100",
    "width": "8",
    "height": "8",
    "isLava": "1",
    "regionId": "100",
    "description": "Muspelheim",
    "id": "104"
    },
    {
    "yOffset": "106",
    "xOffset": "92",
    "width": "8",
    "height": "8",
    "isLava": "0",
    "regionId": "100",
    "description": "Myrkwood Forest",
    "id": "105"
    },
    {
    "yOffset": "110",
    "xOffset": "84",
    "width": "8",
    "height": "8",
    "isLava": "0",
    "regionId": "100",
    "description": "Skona Ravine",
    "id": "106"
    },
    {
    "yOffset": "106",
    "xOffset": "76",
    "width": "8",
    "height": "8",
    "isLava": "0",
    "regionId": "100",
    "description": "Vanern Swamp",
    "id": "107"
    },
    {
    "yOffset": "90",
    "xOffset": "72",
    "width": "8",
    "height": "8",
    "isLava": "0",
    "regionId": "100",
    "description": "Raumarik",
    "id": "108"
    },
    {
    "yOffset": "1",
    "xOffset": "1",
    "width": "8",
    "height": "8",
    "isLava": "0",
    "regionId": "109",
    "description": "Albion's Frontlines",
    "id": "109"
    },
    {
    "yOffset": "74",
    "xOffset": "88",
    "width": "8",
    "height": "8",
    "isLava": "0",
    "regionId": "100",
    "description": "Uppland",
    "id": "111"
    },
    {
    "yOffset": "82",
    "xOffset": "80",
    "width": "8",
    "height": "8",
    "isLava": "0",
    "regionId": "100",
    "description": "Yggdra Forest",
    "id": "112"
    },
    {
    "yOffset": "74",
    "xOffset": "80",
    "width": "8",
    "height": "8",
    "isLava": "0",
    "regionId": "100",
    "description": "Jamtland Mountains",
    "id": "113"
    },
    {
    "yOffset": "64",
    "xOffset": "64",
    "width": "8",
    "height": "8",
    "isLava": "0",
    "regionId": "102",
    "description": "Erikstaad",
    "id": "114"
    },
    {
    "yOffset": "70",
    "xOffset": "72",
    "width": "8",
    "height": "8",
    "isLava": "0",
    "regionId": "100",
    "description": "Odin's Gate",
    "id": "115"
    },
    {
    "yOffset": "118",
    "xOffset": "84",
    "width": "8",
    "height": "8",
    "isLava": "0",
    "regionId": "100",
    "description": "Malmohus",
    "id": "116"
    },
    {
    "yOffset": "56",
    "xOffset": "64",
    "width": "8",
    "height": "8",
    "isLava": "0",
    "regionId": "102",
    "description": "Arothi",
    "id": "117"
    },
    {
    "yOffset": "64",
    "xOffset": "72",
    "width": "8",
    "height": "8",
    "isLava": "0",
    "regionId": "102",
    "description": "Carlingford",
    "id": "118"
    },
    {
    "yOffset": "72",
    "xOffset": "64",
    "width": "8",
    "height": "8",
    "isLava": "0",
    "regionId": "102",
    "description": "Wyndham",
    "id": "119"
    },
    {
    "yOffset": "1",
    "xOffset": "1",
    "width": "8",
    "height": "8",
    "isLava": "0",
    "regionId": "101",
    "description": "Jordheim",
    "id": "120"
    },
    {
    "yOffset": "72",
    "xOffset": "72",
    "width": "8",
    "height": "8",
    "isLava": "0",
    "regionId": "102",
    "description": "Frisia",
    "id": "121"
    },
    {
    "yOffset": "56",
    "xOffset": "72",
    "width": "8",
    "height": "8",
    "isLava": "0",
    "regionId": "102",
    "description": "Kaupang",
    "id": "122"
    },
    {
    "yOffset": "1",
    "xOffset": "1",
    "width": "8",
    "height": "8",
    "isLava": "0",
    "regionId": "123",
    "description": "Aphophian",
    "id": "123"
    },
    {
    "yOffset": "1",
    "xOffset": "1",
    "width": "8",
    "height": "8",
    "isLava": "0",
    "regionId": "124",
    "description": "Hephaestian",
    "id": "124"
    },
    {
    "yOffset": "1",
    "xOffset": "1",
    "width": "8",
    "height": "8",
    "isLava": "0",
    "regionId": "125",
    "description": "Spindelhalla",
    "id": "125"
    },
    {
    "yOffset": "1",
    "xOffset": "1",
    "width": "8",
    "height": "8",
    "isLava": "0",
    "regionId": "126",
    "description": "Vendo Caverns",
    "id": "126"
    },
    {
    "yOffset": "1",
    "xOffset": "1",
    "width": "8",
    "height": "8",
    "isLava": "0",
    "regionId": "127",
    "description": "Varulvhamn",
    "id": "127"
    },
    {
    "yOffset": "1",
    "xOffset": "1",
    "width": "8",
    "height": "8",
    "isLava": "0",
    "regionId": "128",
    "description": "Cursed Tomb",
    "id": "128"
    },
    {
    "yOffset": "1",
    "xOffset": "1",
    "width": "8",
    "height": "8",
    "isLava": "0",
    "regionId": "129",
    "description": "Nisse's Lair",
    "id": "129"
    },
    {
    "yOffset": "64",
    "xOffset": "32",
    "width": "8",
    "height": "8",
    "isLava": "0",
    "regionId": "130",
    "description": "Oceanus Hesperos",
    "id": "130"
    },
    {
    "yOffset": "64",
    "xOffset": "40",
    "width": "8",
    "height": "8",
    "isLava": "0",
    "regionId": "130",
    "description": "Mesothalassa",
    "id": "131"
    },
    {
    "yOffset": "56",
    "xOffset": "40",
    "width": "8",
    "height": "8",
    "isLava": "0",
    "regionId": "130",
    "description": "Oceanus Boreal",
    "id": "132"
    },
    {
    "yOffset": "72",
    "xOffset": "40",
    "width": "8",
    "height": "8",
    "isLava": "0",
    "regionId": "130",
    "description": "Oceanus Notos",
    "id": "133"
    },
    {
    "yOffset": "64",
    "xOffset": "48",
    "width": "8",
    "height": "8",
    "isLava": "0",
    "regionId": "130",
    "description": "Oceanus Anatole",
    "id": "134"
    },
    {
    "yOffset": "1",
    "xOffset": "1",
    "width": "8",
    "height": "8",
    "isLava": "0",
    "regionId": "135",
    "description": "Cetus' Pit",
    "id": "135"
    },
    {
    "yOffset": "1",
    "xOffset": "1",
    "width": "8",
    "height": "8",
    "isLava": "0",
    "regionId": "136",
    "description": "Sobekite Eternal",
    "id": "136"
    },
    {
    "yOffset": "1",
    "xOffset": "1",
    "width": "8",
    "height": "8",
    "isLava": "0",
    "regionId": "137",
    "description": "Temple of Twilight",
    "id": "137"
    },
    {
    "yOffset": "48",
    "xOffset": "36",
    "width": "8",
    "height": "8",
    "isLava": "0",
    "regionId": "130",
    "description": "Stygian Delta",
    "id": "138"
    },
    {
    "yOffset": "48",
    "xOffset": "28",
    "width": "8",
    "height": "8",
    "isLava": "0",
    "regionId": "130",
    "description": "Land of Atum",
    "id": "139"
    },
    {
    "yOffset": "1",
    "xOffset": "1",
    "width": "8",
    "height": "8",
    "isLava": "0",
    "regionId": "140",
    "description": "Halls of Ma'ati",
    "id": "140"
    },
    {
    "yOffset": "64",
    "xOffset": "56",
    "width": "8",
    "height": "8",
    "isLava": "1",
    "regionId": "130",
    "description": "Typhon's Reach",
    "id": "141"
    },
    {
    "yOffset": "64",
    "xOffset": "64",
    "width": "8",
    "height": "8",
    "isLava": "1",
    "regionId": "130",
    "description": "Ashen Isles",
    "id": "142"
    },
    {
    "yOffset": "80",
    "xOffset": "44",
    "width": "8",
    "height": "8",
    "isLava": "0",
    "regionId": "130",
    "description": "Green Glades",
    "id": "143"
    },
    {
    "yOffset": "80",
    "xOffset": "52",
    "width": "8",
    "height": "8",
    "isLava": "0",
    "regionId": "130",
    "description": "Arbor Glen",
    "id": "144"
    },
    {
    "yOffset": "1",
    "xOffset": "1",
    "width": "8",
    "height": "8",
    "isLava": "0",
    "regionId": "145",
    "description": "the Great Pyramid of Stygia",
    "id": "145"
    },
    {
    "yOffset": "1",
    "xOffset": "1",
    "width": "8",
    "height": "8",
    "isLava": "0",
    "regionId": "146",
    "description": "Deep Volcanus",
    "id": "146"
    },
    {
    "yOffset": "1",
    "xOffset": "1",
    "width": "8",
    "height": "8",
    "isLava": "0",
    "regionId": "147",
    "description": "City of Aerus",
    "id": "147"
    },
    {
    "yOffset": "1",
    "xOffset": "1",
    "width": "8",
    "height": "8",
    "isLava": "0",
    "regionId": "148",
    "description": "The Frontlines",
    "id": "148"
    },
    {
    "yOffset": "1",
    "xOffset": "1",
    "width": "8",
    "height": "8",
    "isLava": "0",
    "regionId": "149",
    "description": "Nyttheim",
    "id": "149"
    },
    {
    "yOffset": "1",
    "xOffset": "1",
    "width": "8",
    "height": "8",
    "isLava": "0",
    "regionId": "150",
    "description": "Trollheim",
    "id": "150"
    },
    {
    "yOffset": "38",
    "xOffset": "30",
    "width": "8",
    "height": "8",
    "isLava": "0",
    "regionId": "151",
    "description": "Aegir's Landing",
    "id": "151"
    },
    {
    "yOffset": "30",
    "xOffset": "34",
    "width": "8",
    "height": "8",
    "isLava": "0",
    "regionId": "151",
    "description": "Gripklosa Mountains",
    "id": "152"
    },
    {
    "yOffset": "32",
    "xOffset": "42",
    "width": "8",
    "height": "8",
    "isLava": "0",
    "regionId": "151",
    "description": "Delling Crater",
    "id": "153"
    },
    {
    "yOffset": "40",
    "xOffset": "44",
    "width": "8",
    "height": "8",
    "isLava": "0",
    "regionId": "151",
    "description": "Faraheim",
    "id": "154"
    },
    {
    "yOffset": "46",
    "xOffset": "36",
    "width": "8",
    "height": "8",
    "isLava": "0",
    "regionId": "151",
    "description": "Munin Sound",
    "id": "155"
    },
    {
    "yOffset": "48",
    "xOffset": "48",
    "width": "8",
    "height": "8",
    "isLava": "0",
    "regionId": "151",
    "description": "Iarnwood",
    "id": "156"
    },
    {
    "yOffset": "22",
    "xOffset": "34",
    "width": "8",
    "height": "8",
    "isLava": "0",
    "regionId": "151",
    "description": "Dummy Zone",
    "id": "157"
    },
    {
    "yOffset": "40",
    "xOffset": "52",
    "width": "8",
    "height": "8",
    "isLava": "0",
    "regionId": "151",
    "description": "Modernagrav",
    "id": "158"
    },
    {
    "yOffset": "1",
    "xOffset": "1",
    "width": "8",
    "height": "8",
    "isLava": "0",
    "regionId": "160",
    "description": "Tuscaran Glacier",
    "id": "160"
    },
    {
    "yOffset": "1",
    "xOffset": "1",
    "width": "8",
    "height": "8",
    "isLava": "0",
    "regionId": "161",
    "description": "Iarnvidiur's Lair",
    "id": "161"
    },
    {
    "yOffset": "1",
    "xOffset": "1",
    "width": "8",
    "height": "8",
    "isLava": "0",
    "regionId": "162",
    "description": "Midgard's Deadlands",
    "id": "162"
    },
    {
    "yOffset": "52",
    "xOffset": "60",
    "width": "8",
    "height": "8",
    "isLava": "0",
    "regionId": "163",
    "description": "Agramon",
    "id": "163"
    },
    {
    "yOffset": "60",
    "xOffset": "60",
    "width": "8",
    "height": "8",
    "isLava": "0",
    "regionId": "163",
    "description": "Irish Sea",
    "id": "164"
    },
    {
    "yOffset": "64",
    "xOffset": "64",
    "width": "8",
    "height": "8",
    "isLava": "0",
    "regionId": "165",
    "description": "Cathal Valley",
    "id": "165"
    },
    {
    "yOffset": "52",
    "xOffset": "68",
    "width": "8",
    "height": "8",
    "isLava": "0",
    "regionId": "163",
    "description": "Unamed Sea 2",
    "id": "166"
    },
    {
    "yOffset": "44",
    "xOffset": "64",
    "width": "8",
    "height": "8",
    "isLava": "0",
    "regionId": "163",
    "description": "Odin's Gate",
    "id": "167"
    },
    {
    "yOffset": "44",
    "xOffset": "72",
    "width": "8",
    "height": "8",
    "isLava": "0",
    "regionId": "163",
    "description": "Jamtland Mountains",
    "id": "168"
    },
    {
    "yOffset": "44",
    "xOffset": "80",
    "width": "8",
    "height": "8",
    "isLava": "0",
    "regionId": "163",
    "description": "Yggdra Forest",
    "id": "169"
    },
    {
    "yOffset": "36",
    "xOffset": "72",
    "width": "8",
    "height": "8",
    "isLava": "0",
    "regionId": "163",
    "description": "Uppland",
    "id": "170"
    },
    {
    "yOffset": "60",
    "xOffset": "52",
    "width": "8",
    "height": "8",
    "isLava": "0",
    "regionId": "163",
    "description": "Emain Macha",
    "id": "171"
    },
    {
    "yOffset": "68",
    "xOffset": "52",
    "width": "8",
    "height": "8",
    "isLava": "0",
    "regionId": "163",
    "description": "Breifine",
    "id": "172"
    },
    {
    "yOffset": "68",
    "xOffset": "44",
    "width": "8",
    "height": "8",
    "isLava": "0",
    "regionId": "163",
    "description": "Cruachan Gorge",
    "id": "173"
    },
    {
    "yOffset": "76",
    "xOffset": "52",
    "width": "8",
    "height": "8",
    "isLava": "0",
    "regionId": "163",
    "description": "Mount Collory",
    "id": "174"
    },
    {
    "yOffset": "76",
    "xOffset": "68",
    "width": "8",
    "height": "8",
    "isLava": "0",
    "regionId": "163",
    "description": "Snowdonia",
    "id": "175"
    },
    {
    "yOffset": "68",
    "xOffset": "76",
    "width": "8",
    "height": "8",
    "isLava": "0",
    "regionId": "163",
    "description": "Forest Sauvage",
    "id": "176"
    },
    {
    "yOffset": "68",
    "xOffset": "68",
    "width": "8",
    "height": "8",
    "isLava": "0",
    "regionId": "163",
    "description": "Pennine Mountains",
    "id": "177"
    },
    {
    "yOffset": "60",
    "xOffset": "68",
    "width": "8",
    "height": "8",
    "isLava": "0",
    "regionId": "163",
    "description": "Hadrian's Wall",
    "id": "178"
    },
    {
    "yOffset": "1",
    "xOffset": "1",
    "width": "8",
    "height": "8",
    "isLava": "0",
    "regionId": "180",
    "description": "Fomor",
    "id": "180"
    },
    {
    "yOffset": "48",
    "xOffset": "48",
    "width": "8",
    "height": "8",
    "isLava": "0",
    "regionId": "181",
    "description": "Domnann",
    "id": "181"
    },
    {
    "yOffset": "44",
    "xOffset": "40",
    "width": "8",
    "height": "8",
    "isLava": "0",
    "regionId": "181",
    "description": "Caillte Garran",
    "id": "182"
    },
    {
    "yOffset": "40",
    "xOffset": "32",
    "width": "8",
    "height": "8",
    "isLava": "0",
    "regionId": "181",
    "description": "Vale of Balor",
    "id": "183"
    },
    {
    "yOffset": "32",
    "xOffset": "34",
    "width": "8",
    "height": "8",
    "isLava": "0",
    "regionId": "181",
    "description": "Cothrom Gorge",
    "id": "184"
    },
    {
    "yOffset": "28",
    "xOffset": "42",
    "width": "8",
    "height": "8",
    "isLava": "0",
    "regionId": "181",
    "description": "World's End",
    "id": "185"
    },
    {
    "yOffset": "36",
    "xOffset": "46",
    "width": "8",
    "height": "8",
    "isLava": "0",
    "regionId": "181",
    "description": "Vigilant Rock",
    "id": "186"
    },
    {
    "yOffset": "20",
    "xOffset": "42",
    "width": "8",
    "height": "8",
    "isLava": "0",
    "regionId": "181",
    "description": "Allta Fearann",
    "id": "187"
    },
    {
    "yOffset": "1",
    "xOffset": "1",
    "width": "8",
    "height": "8",
    "isLava": "0",
    "regionId": "188",
    "description": "Midgard's Darkspire",
    "id": "188"
    },
    {
    "yOffset": "1",
    "xOffset": "1",
    "width": "8",
    "height": "8",
    "isLava": "0",
    "regionId": "189",
    "description": "Midgard's Glashtin Forges",
    "id": "189"
    },
    {
    "yOffset": "1",
    "xOffset": "1",
    "width": "8",
    "height": "8",
    "isLava": "0",
    "regionId": "190",
    "description": "Tur Suil",
    "id": "190"
    },
    {
    "yOffset": "1",
    "xOffset": "1",
    "width": "8",
    "height": "8",
    "isLava": "0",
    "regionId": "191",
    "description": "Galladoria",
    "id": "191"
    },
    {
    "yOffset": "1",
    "xOffset": "1",
    "width": "8",
    "height": "8",
    "isLava": "0",
    "regionId": "192",
    "description": "Le Sanctuaire Du Haut Consule",
    "id": "192"
    },
    {
    "yOffset": "1",
    "xOffset": "1",
    "width": "8",
    "height": "8",
    "isLava": "0",
    "regionId": "193",
    "description": "Le Sanctuaire Du Haut Consule",
    "id": "193"
    },
    {
    "yOffset": "1",
    "xOffset": "1",
    "width": "8",
    "height": "8",
    "isLava": "0",
    "regionId": "194",
    "description": "Le Sanctuaire Du Haut Consule",
    "id": "194"
    },
    {
    "yOffset": "1",
    "xOffset": "1",
    "width": "8",
    "height": "8",
    "isLava": "0",
    "regionId": "195",
    "description": "Midgard's Otherworld",
    "id": "195"
    },
    {
    "yOffset": "1",
    "xOffset": "1",
    "width": "8",
    "height": "8",
    "isLava": "0",
    "regionId": "196",
    "description": "Albion's Otherworld",
    "id": "196"
    },
    {
    "yOffset": "1",
    "xOffset": "1",
    "width": "8",
    "height": "8",
    "isLava": "0",
    "regionId": "197",
    "description": "The Otherworld",
    "id": "197"
    },
    {
    "yOffset": "1",
    "xOffset": "1",
    "width": "8",
    "height": "8",
    "isLava": "0",
    "regionId": "198",
    "description": "Shaitan",
    "id": "198"
    },
    {
    "yOffset": "1",
    "xOffset": "1",
    "width": "8",
    "height": "8",
    "isLava": "0",
    "regionId": "199",
    "description": "Volurgon",
    "id": "199"
    },
    {
    "yOffset": "59",
    "xOffset": "39",
    "width": "8",
    "height": "8",
    "isLava": "0",
    "regionId": "200",
    "description": "Lough Derg",
    "id": "200"
    },
    {
    "yOffset": "67",
    "xOffset": "39",
    "width": "8",
    "height": "8",
    "isLava": "0",
    "regionId": "200",
    "description": "Silvermine Mts.",
    "id": "201"
    },
    {
    "yOffset": "75",
    "xOffset": "35",
    "width": "8",
    "height": "8",
    "isLava": "0",
    "regionId": "200",
    "description": "Shannon Estuary",
    "id": "202"
    },
    {
    "yOffset": "51",
    "xOffset": "27",
    "width": "8",
    "height": "8",
    "isLava": "0",
    "regionId": "200",
    "description": "Cliffs of Moher",
    "id": "203"
    },
    {
    "yOffset": "83",
    "xOffset": "35",
    "width": "8",
    "height": "8",
    "isLava": "0",
    "regionId": "200",
    "description": "Lough Gur",
    "id": "204"
    },
    {
    "yOffset": "87",
    "xOffset": "43",
    "width": "8",
    "height": "8",
    "isLava": "0",
    "regionId": "200",
    "description": "Bog of Cullen",
    "id": "205"
    },
    {
    "yOffset": "59",
    "xOffset": "47",
    "width": "8",
    "height": "8",
    "isLava": "0",
    "regionId": "200",
    "description": "Valley of Bri Leith",
    "id": "206"
    },
    {
    "yOffset": "51",
    "xOffset": "35",
    "width": "8",
    "height": "8",
    "isLava": "0",
    "regionId": "200",
    "description": "Connacht",
    "id": "207"
    },
    {
    "yOffset": "59",
    "xOffset": "55",
    "width": "8",
    "height": "8",
    "isLava": "0",
    "regionId": "200",
    "description": "Cursed Forest",
    "id": "208"
    },
    {
    "yOffset": "1",
    "xOffset": "1",
    "width": "8",
    "height": "8",
    "isLava": "0",
    "regionId": "201",
    "description": "Tir na Nog",
    "id": "209"
    },
    {
    "yOffset": "51",
    "xOffset": "47",
    "width": "8",
    "height": "8",
    "isLava": "0",
    "regionId": "200",
    "description": "Mount Collory",
    "id": "210"
    },
    {
    "yOffset": "43",
    "xOffset": "39",
    "width": "8",
    "height": "8",
    "isLava": "0",
    "regionId": "200",
    "description": "Cruachan Gorge",
    "id": "211"
    },
    {
    "yOffset": "43",
    "xOffset": "47",
    "width": "8",
    "height": "8",
    "isLava": "0",
    "regionId": "200",
    "description": "Breifine",
    "id": "212"
    },
    {
    "yOffset": "64",
    "xOffset": "64",
    "width": "8",
    "height": "8",
    "isLava": "0",
    "regionId": "202",
    "description": "Meath",
    "id": "213"
    },
    {
    "yOffset": "35",
    "xOffset": "51",
    "width": "8",
    "height": "8",
    "isLava": "0",
    "regionId": "200",
    "description": "Emain Macha",
    "id": "214"
    },
    {
    "yOffset": "64",
    "xOffset": "56",
    "width": "8",
    "height": "8",
    "isLava": "0",
    "regionId": "202",
    "description": "Dunshire",
    "id": "215"
    },
    {
    "yOffset": "79",
    "xOffset": "43",
    "width": "8",
    "height": "8",
    "isLava": "0",
    "regionId": "200",
    "description": "Sheeroe Hills",
    "id": "216"
    },
    {
    "yOffset": "72",
    "xOffset": "64",
    "width": "8",
    "height": "8",
    "isLava": "0",
    "regionId": "202",
    "description": "Torrylin",
    "id": "217"
    },
    {
    "yOffset": "64",
    "xOffset": "72",
    "width": "8",
    "height": "8",
    "isLava": "0",
    "regionId": "202",
    "description": "Kilcullen",
    "id": "218"
    },
    {
    "yOffset": "72",
    "xOffset": "56",
    "width": "8",
    "height": "8",
    "isLava": "0",
    "regionId": "202",
    "description": "Saeranthal",
    "id": "219"
    },
    {
    "yOffset": "1",
    "xOffset": "1",
    "width": "8",
    "height": "8",
    "isLava": "0",
    "regionId": "220",
    "description": "Coruscating Mine",
    "id": "220"
    },
    {
    "yOffset": "1",
    "xOffset": "1",
    "width": "8",
    "height": "8",
    "isLava": "0",
    "regionId": "221",
    "description": "Muire Tomb",
    "id": "221"
    },
    {
    "yOffset": "1",
    "xOffset": "1",
    "width": "8",
    "height": "8",
    "isLava": "0",
    "regionId": "222",
    "description": "Spraggon Den",
    "id": "222"
    },
    {
    "yOffset": "1",
    "xOffset": "1",
    "width": "8",
    "height": "8",
    "isLava": "0",
    "regionId": "223",
    "description": "Koalinth Caverns",
    "id": "223"
    },
    {
    "yOffset": "1",
    "xOffset": "1",
    "width": "8",
    "height": "8",
    "isLava": "0",
    "regionId": "224",
    "description": "Treibh Caillte",
    "id": "224"
    },
    {
    "yOffset": "72",
    "xOffset": "72",
    "width": "8",
    "height": "8",
    "isLava": "0",
    "regionId": "202",
    "description": "Aberillan",
    "id": "225"
    },
    {
    "yOffset": "1",
    "xOffset": "1",
    "width": "8",
    "height": "8",
    "isLava": "0",
    "regionId": "226",
    "description": "Midgard's Abandoned Mines",
    "id": "226"
    },
    {
    "yOffset": "1",
    "xOffset": "1",
    "width": "8",
    "height": "8",
    "isLava": "0",
    "regionId": "227",
    "description": "Albion's Abandoned Mines",
    "id": "227"
    },
    {
    "yOffset": "1",
    "xOffset": "1",
    "width": "8",
    "height": "8",
    "isLava": "0",
    "regionId": "228",
    "description": "Hibernia's Abandoned Mines",
    "id": "228"
    },
    {
    "yOffset": "1",
    "xOffset": "1",
    "width": "8",
    "height": "8",
    "isLava": "0",
    "regionId": "229",
    "description": "Burial Grounds",
    "id": "229"
    },
    {
    "yOffset": "80",
    "xOffset": "80",
    "width": "8",
    "height": "8",
    "isLava": "0",
    "regionId": "231",
    "description": "ArtOutside",
    "id": "231"
    },
    {
    "yOffset": "1",
    "xOffset": "1",
    "width": "8",
    "height": "8",
    "isLava": "0",
    "regionId": "232",
    "description": "ArtInside",
    "id": "232"
    },
    {
    "yOffset": "1",
    "xOffset": "1",
    "width": "8",
    "height": "8",
    "isLava": "0",
    "regionId": "233",
    "description": "Summoner's Hall",
    "id": "233"
    },
    {
    "yOffset": "64",
    "xOffset": "64",
    "width": "8",
    "height": "8",
    "isLava": "0",
    "regionId": "234",
    "description": "The Proving Grounds",
    "id": "234"
    },
    {
    "yOffset": "64",
    "xOffset": "64",
    "width": "8",
    "height": "8",
    "isLava": "0",
    "regionId": "235",
    "description": "The Lions Den",
    "id": "235"
    },
    {
    "yOffset": "64",
    "xOffset": "64",
    "width": "8",
    "height": "8",
    "isLava": "0",
    "regionId": "236",
    "description": "The Hills of Claret",
    "id": "236"
    },
    {
    "yOffset": "64",
    "xOffset": "64",
    "width": "8",
    "height": "8",
    "isLava": "0",
    "regionId": "237",
    "description": "Killaloe",
    "id": "237"
    },
    {
    "yOffset": "64",
    "xOffset": "64",
    "width": "8",
    "height": "8",
    "isLava": "0",
    "regionId": "238",
    "description": "Thidranki",
    "id": "238"
    },
    {
    "yOffset": "64",
    "xOffset": "64",
    "width": "8",
    "height": "8",
    "isLava": "0",
    "regionId": "239",
    "description": "Braemar",
    "id": "239"
    },
    {
    "yOffset": "64",
    "xOffset": "64",
    "width": "8",
    "height": "8",
    "isLava": "0",
    "regionId": "240",
    "description": "Wilton",
    "id": "240"
    },
    {
    "yOffset": "64",
    "xOffset": "64",
    "width": "8",
    "height": "8",
    "isLava": "0",
    "regionId": "241",
    "description": "Molvik",
    "id": "241"
    },
    {
    "yOffset": "64",
    "xOffset": "64",
    "width": "8",
    "height": "8",
    "isLava": "0",
    "regionId": "242",
    "description": "TestBG",
    "id": "242"
    },
    {
    "yOffset": "1",
    "xOffset": "1",
    "width": "8",
    "height": "8",
    "isLava": "0",
    "regionId": "243",
    "description": "Kobold Undercity",
    "id": "243"
    },
    {
    "yOffset": "1",
    "xOffset": "1",
    "width": "8",
    "height": "8",
    "isLava": "0",
    "regionId": "244",
    "description": "Passage of Conflict",
    "id": "244"
    },
    {
    "yOffset": "1",
    "xOffset": "1",
    "width": "8",
    "height": "8",
    "isLava": "0",
    "regionId": "245",
    "description": "Labyrinth",
    "id": "245"
    },
    {
    "yOffset": "1",
    "xOffset": "1",
    "width": "8",
    "height": "8",
    "isLava": "0",
    "regionId": "249",
    "description": "Darkness Falls",
    "id": "249"
    },
    {
    "yOffset": "32",
    "xOffset": "32",
    "width": "8",
    "height": "8",
    "isLava": "0",
    "regionId": "242",
    "description": "Leirvik",
    "id": "254"
    },
    {
    "yOffset": "1",
    "xOffset": "1",
    "width": "8",
    "height": "8",
    "isLava": "0",
    "regionId": "256",
    "description": "Forgotten Mines",
    "id": "256"
    },
    {
    "yOffset": "1",
    "xOffset": "1",
    "width": "8",
    "height": "8",
    "isLava": "0",
    "regionId": "257",
    "description": "Forgotten Mines",
    "id": "257"
    },
    {
    "yOffset": "1",
    "xOffset": "1",
    "width": "8",
    "height": "8",
    "isLava": "0",
    "regionId": "258",
    "description": "Forgotten Mines",
    "id": "258"
    },
    {
    "yOffset": "64",
    "xOffset": "48",
    "width": "8",
    "height": "8",
    "isLava": "0",
    "regionId": "2",
    "description": "Chiltern",
    "id": "260"
    },
    {
    "yOffset": "72",
    "xOffset": "48",
    "width": "8",
    "height": "8",
    "isLava": "0",
    "regionId": "2",
    "description": "Sherborne",
    "id": "261"
    },
    {
    "yOffset": "56",
    "xOffset": "48",
    "width": "8",
    "height": "8",
    "isLava": "0",
    "regionId": "2",
    "description": "Stoneleigh",
    "id": "262"
    },
    {
    "yOffset": "64",
    "xOffset": "80",
    "width": "8",
    "height": "8",
    "isLava": "0",
    "regionId": "102",
    "description": "Holmestrand",
    "id": "266"
    },
    {
    "yOffset": "72",
    "xOffset": "80",
    "width": "8",
    "height": "8",
    "isLava": "0",
    "regionId": "102",
    "description": "Nittedal",
    "id": "267"
    },
    {
    "yOffset": "56",
    "xOffset": "80",
    "width": "8",
    "height": "8",
    "isLava": "0",
    "regionId": "102",
    "description": "Stavgaard",
    "id": "268"
    },
    {
    "yOffset": "80",
    "xOffset": "64",
    "width": "8",
    "height": "8",
    "isLava": "0",
    "regionId": "202",
    "description": "Tullamore",
    "id": "272"
    },
    {
    "yOffset": "80",
    "xOffset": "56",
    "width": "8",
    "height": "8",
    "isLava": "0",
    "regionId": "202",
    "description": "Moycullen",
    "id": "273"
    },
    {
    "yOffset": "80",
    "xOffset": "72",
    "width": "8",
    "height": "8",
    "isLava": "0",
    "regionId": "202",
    "description": "Broughshane",
    "id": "274"
    },
    {
    "yOffset": "1",
    "xOffset": "1",
    "width": "8",
    "height": "8",
    "isLava": "0",
    "regionId": "278",
    "description": "Damp Cavern",
    "id": "278"
    },
    {
    "yOffset": "1",
    "xOffset": "1",
    "width": "8",
    "height": "8",
    "isLava": "0",
    "regionId": "279",
    "description": "Damp Cavern",
    "id": "279"
    },
    {
    "yOffset": "1",
    "xOffset": "1",
    "width": "8",
    "height": "8",
    "isLava": "0",
    "regionId": "280",
    "description": "Damp Cavern",
    "id": "280"
    },
    {
    "yOffset": "1",
    "xOffset": "1",
    "width": "8",
    "height": "8",
    "isLava": "0",
    "regionId": "281",
    "description": "Forgotten Sepulchre",
    "id": "281"
    },
    {
    "yOffset": "1",
    "xOffset": "1",
    "width": "8",
    "height": "8",
    "isLava": "0",
    "regionId": "282",
    "description": "Forgotten Sepulchre",
    "id": "282"
    },
    {
    "yOffset": "1",
    "xOffset": "1",
    "width": "8",
    "height": "8",
    "isLava": "0",
    "regionId": "283",
    "description": "Forgotten Sepulchre",
    "id": "283"
    },
    {
    "yOffset": "1",
    "xOffset": "1",
    "width": "8",
    "height": "8",
    "isLava": "0",
    "regionId": "284",
    "description": "Concealed Guardhouse",
    "id": "284"
    },
    {
    "yOffset": "1",
    "xOffset": "1",
    "width": "8",
    "height": "8",
    "isLava": "0",
    "regionId": "285",
    "description": "Concealed Guardhouse",
    "id": "285"
    },
    {
    "yOffset": "1",
    "xOffset": "1",
    "width": "8",
    "height": "8",
    "isLava": "0",
    "regionId": "286",
    "description": "Concealed Guardhouse",
    "id": "286"
    },
    {
    "yOffset": "1",
    "xOffset": "1",
    "width": "8",
    "height": "8",
    "isLava": "0",
    "regionId": "287",
    "description": "The Gossamer Grotto",
    "id": "287"
    },
    {
    "yOffset": "1",
    "xOffset": "1",
    "width": "8",
    "height": "8",
    "isLava": "0",
    "regionId": "288",
    "description": "The Gossamer Grotto",
    "id": "288"
    },
    {
    "yOffset": "1",
    "xOffset": "1",
    "width": "8",
    "height": "8",
    "isLava": "0",
    "regionId": "289",
    "description": "The Gossamer Grotto",
    "id": "289"
    },
    {
    "yOffset": "1",
    "xOffset": "1",
    "width": "8",
    "height": "8",
    "isLava": "0",
    "regionId": "290",
    "description": "Underground Tunnel",
    "id": "290"
    },
    {
    "yOffset": "1",
    "xOffset": "1",
    "width": "8",
    "height": "8",
    "isLava": "0",
    "regionId": "291",
    "description": "Underground Tunnel",
    "id": "291"
    },
    {
    "yOffset": "1",
    "xOffset": "1",
    "width": "8",
    "height": "8",
    "isLava": "0",
    "regionId": "292",
    "description": "Underground Tunnel",
    "id": "292"
    },
    {
    "yOffset": "1",
    "xOffset": "1",
    "width": "8",
    "height": "8",
    "isLava": "0",
    "regionId": "293",
    "description": "Burial Tomb",
    "id": "293"
    },
    {
    "yOffset": "1",
    "xOffset": "1",
    "width": "8",
    "height": "8",
    "isLava": "0",
    "regionId": "294",
    "description": "Burial Tomb",
    "id": "294"
    },
    {
    "yOffset": "1",
    "xOffset": "1",
    "width": "8",
    "height": "8",
    "isLava": "0",
    "regionId": "295",
    "description": "Burial Tomb",
    "id": "295"
    },
    {
    "yOffset": "1",
    "xOffset": "1",
    "width": "8",
    "height": "8",
    "isLava": "0",
    "regionId": "296",
    "description": "Desecrated Grounds",
    "id": "296"
    },
    {
    "yOffset": "1",
    "xOffset": "1",
    "width": "8",
    "height": "8",
    "isLava": "0",
    "regionId": "297",
    "description": "Desecrated Grounds",
    "id": "297"
    },
    {
    "yOffset": "1",
    "xOffset": "1",
    "width": "8",
    "height": "8",
    "isLava": "0",
    "regionId": "298",
    "description": "Desecrated Grounds",
    "id": "298"
    },
    {
    "yOffset": "1",
    "xOffset": "1",
    "width": "8",
    "height": "8",
    "isLava": "0",
    "regionId": "300",
    "description": "Damp Cavern",
    "id": "300"
    },
    {
    "yOffset": "1",
    "xOffset": "1",
    "width": "8",
    "height": "8",
    "isLava": "0",
    "regionId": "301",
    "description": "Damp Cavern",
    "id": "301"
    },
    {
    "yOffset": "1",
    "xOffset": "1",
    "width": "8",
    "height": "8",
    "isLava": "0",
    "regionId": "302",
    "description": "Damp Cavern",
    "id": "302"
    },
    {
    "yOffset": "1",
    "xOffset": "1",
    "width": "8",
    "height": "8",
    "isLava": "0",
    "regionId": "303",
    "description": "Damp Cavern",
    "id": "303"
    },
    {
    "yOffset": "1",
    "xOffset": "1",
    "width": "8",
    "height": "8",
    "isLava": "0",
    "regionId": "304",
    "description": "Damp Cavern",
    "id": "304"
    },
    {
    "yOffset": "1",
    "xOffset": "1",
    "width": "8",
    "height": "8",
    "isLava": "0",
    "regionId": "305",
    "description": "Forgotten Sepulchre",
    "id": "305"
    },
    {
    "yOffset": "1",
    "xOffset": "1",
    "width": "8",
    "height": "8",
    "isLava": "0",
    "regionId": "306",
    "description": "Forgotten Sepulchre",
    "id": "306"
    },
    {
    "yOffset": "1",
    "xOffset": "1",
    "width": "8",
    "height": "8",
    "isLava": "0",
    "regionId": "307",
    "description": "Forgotten Sepulchre",
    "id": "307"
    },
    {
    "yOffset": "1",
    "xOffset": "1",
    "width": "8",
    "height": "8",
    "isLava": "0",
    "regionId": "308",
    "description": "Forgotten Sepulchre",
    "id": "308"
    },
    {
    "yOffset": "1",
    "xOffset": "1",
    "width": "8",
    "height": "8",
    "isLava": "0",
    "regionId": "309",
    "description": "Forgotten Sepulchre",
    "id": "309"
    },
    {
    "yOffset": "1",
    "xOffset": "1",
    "width": "8",
    "height": "8",
    "isLava": "0",
    "regionId": "310",
    "description": "Concealed Guardhouse",
    "id": "310"
    },
    {
    "yOffset": "1",
    "xOffset": "1",
    "width": "8",
    "height": "8",
    "isLava": "0",
    "regionId": "311",
    "description": "Concealed Guardhouse",
    "id": "311"
    },
    {
    "yOffset": "1",
    "xOffset": "1",
    "width": "8",
    "height": "8",
    "isLava": "0",
    "regionId": "312",
    "description": "Concealed Guardhouse",
    "id": "312"
    },
    {
    "yOffset": "1",
    "xOffset": "1",
    "width": "8",
    "height": "8",
    "isLava": "0",
    "regionId": "313",
    "description": "Concealed Guardhouse",
    "id": "313"
    },
    {
    "yOffset": "1",
    "xOffset": "1",
    "width": "8",
    "height": "8",
    "isLava": "0",
    "regionId": "314",
    "description": "Concealed Guardhouse",
    "id": "314"
    },
    {
    "yOffset": "1",
    "xOffset": "1",
    "width": "8",
    "height": "8",
    "isLava": "0",
    "regionId": "315",
    "description": "The Gossamer Grotto",
    "id": "315"
    },
    {
    "yOffset": "1",
    "xOffset": "1",
    "width": "8",
    "height": "8",
    "isLava": "0",
    "regionId": "316",
    "description": "The Gossamer Grotto",
    "id": "316"
    },
    {
    "yOffset": "1",
    "xOffset": "1",
    "width": "8",
    "height": "8",
    "isLava": "0",
    "regionId": "317",
    "description": "The Gossamer Grotto",
    "id": "317"
    },
    {
    "yOffset": "1",
    "xOffset": "1",
    "width": "8",
    "height": "8",
    "isLava": "0",
    "regionId": "318",
    "description": "The Gossamer Grotto",
    "id": "318"
    },
    {
    "yOffset": "1",
    "xOffset": "1",
    "width": "8",
    "height": "8",
    "isLava": "0",
    "regionId": "319",
    "description": "The Gossamer Grotto",
    "id": "319"
    },
    {
    "yOffset": "1",
    "xOffset": "1",
    "width": "8",
    "height": "8",
    "isLava": "0",
    "regionId": "320",
    "description": "Underground Tunnel",
    "id": "320"
    },
    {
    "yOffset": "1",
    "xOffset": "1",
    "width": "8",
    "height": "8",
    "isLava": "0",
    "regionId": "321",
    "description": "Underground Tunnel",
    "id": "321"
    },
    {
    "yOffset": "1",
    "xOffset": "1",
    "width": "8",
    "height": "8",
    "isLava": "0",
    "regionId": "322",
    "description": "Underground Tunnel",
    "id": "322"
    },
    {
    "yOffset": "1",
    "xOffset": "1",
    "width": "8",
    "height": "8",
    "isLava": "0",
    "regionId": "323",
    "description": "Underground Tunnel",
    "id": "323"
    },
    {
    "yOffset": "1",
    "xOffset": "1",
    "width": "8",
    "height": "8",
    "isLava": "0",
    "regionId": "324",
    "description": "Underground Tunnel",
    "id": "324"
    },
    {
    "yOffset": "1",
    "xOffset": "1",
    "width": "8",
    "height": "8",
    "isLava": "0",
    "regionId": "325",
    "description": "Hib 30 Dungeon",
    "id": "325"
    },
    {
    "yOffset": "1",
    "xOffset": "1",
    "width": "8",
    "height": "8",
    "isLava": "0",
    "regionId": "326",
    "description": "Alb 30 Dungeon",
    "id": "326"
    },
    {
    "yOffset": "1",
    "xOffset": "1",
    "width": "8",
    "height": "8",
    "isLava": "0",
    "regionId": "327",
    "description": "Caverns of Madness",
    "id": "327"
    },
    {
    "yOffset": "1",
    "xOffset": "1",
    "width": "8",
    "height": "8",
    "isLava": "0",
    "regionId": "328",
    "description": "Mid 30 Dungeon",
    "id": "328"
    },
    {
    "yOffset": "1",
    "xOffset": "1",
    "width": "8",
    "height": "8",
    "isLava": "0",
    "regionId": "329",
    "description": "Jarlsberg's Hideout",
    "id": "329"
    },
    {
    "yOffset": "1",
    "xOffset": "1",
    "width": "8",
    "height": "8",
    "isLava": "0",
    "regionId": "330",
    "description": "The Foothills of Albion",
    "id": "330"
    },
    {
    "yOffset": "1",
    "xOffset": "1",
    "width": "8",
    "height": "8",
    "isLava": "0",
    "regionId": "331",
    "description": "Thieves Den",
    "id": "331"
    },
    {
    "yOffset": "1",
    "xOffset": "1",
    "width": "8",
    "height": "8",
    "isLava": "0",
    "regionId": "332",
    "description": "Rebel Half Orc Lair",
    "id": "332"
    },
    {
    "yOffset": "1",
    "xOffset": "1",
    "width": "8",
    "height": "8",
    "isLava": "0",
    "regionId": "333",
    "description": "The Haunted Halls",
    "id": "333"
    },
    {
    "yOffset": "1",
    "xOffset": "1",
    "width": "8",
    "height": "8",
    "isLava": "0",
    "regionId": "334",
    "description": "The Foothills of Midgard",
    "id": "334"
    },
    {
    "yOffset": "1",
    "xOffset": "1",
    "width": "8",
    "height": "8",
    "isLava": "0",
    "regionId": "335",
    "description": "The Foothills of Hibernia",
    "id": "335"
    },
    {
    "yOffset": "1",
    "xOffset": "1",
    "width": "8",
    "height": "8",
    "isLava": "0",
    "regionId": "336",
    "description": "Demonic Prison",
    "id": "336"
    },
    {
    "yOffset": "1",
    "xOffset": "1",
    "width": "8",
    "height": "8",
    "isLava": "0",
    "regionId": "337",
    "description": "Demonic Prison",
    "id": "337"
    },
    {
    "yOffset": "1",
    "xOffset": "1",
    "width": "8",
    "height": "8",
    "isLava": "0",
    "regionId": "338",
    "description": "Demonic Prison",
    "id": "338"
    },
    {
    "yOffset": "1",
    "xOffset": "1",
    "width": "8",
    "height": "8",
    "isLava": "0",
    "regionId": "339",
    "description": "Brimstone Caverns",
    "id": "339"
    },
    {
    "yOffset": "1",
    "xOffset": "1",
    "width": "8",
    "height": "8",
    "isLava": "0",
    "regionId": "340",
    "description": "Halls of Helgardh",
    "id": "340"
    },
    {
    "yOffset": "1",
    "xOffset": "1",
    "width": "8",
    "height": "8",
    "isLava": "0",
    "regionId": "341",
    "description": "Cave of Cruachan",
    "id": "341"
    },
    {
    "yOffset": "1",
    "xOffset": "1",
    "width": "8",
    "height": "8",
    "isLava": "0",
    "regionId": "342",
    "description": "Mid Launch 2",
    "id": "342"
    },
    {
    "yOffset": "1",
    "xOffset": "1",
    "width": "8",
    "height": "8",
    "isLava": "0",
    "regionId": "343",
    "description": "Alb Launch 2",
    "id": "343"
    },
    {
    "yOffset": "1",
    "xOffset": "1",
    "width": "8",
    "height": "8",
    "isLava": "0",
    "regionId": "344",
    "description": "Hib Launch 2",
    "id": "344"
    },
    {
    "yOffset": "1",
    "xOffset": "1",
    "width": "8",
    "height": "8",
    "isLava": "0",
    "regionId": "345",
    "description": "Tomte Prison",
    "id": "345"
    },
    {
    "yOffset": "1",
    "xOffset": "1",
    "width": "8",
    "height": "8",
    "isLava": "0",
    "regionId": "346",
    "description": "Nisse's Retreat",
    "id": "346"
    },
    {
    "yOffset": "1",
    "xOffset": "1",
    "width": "8",
    "height": "8",
    "isLava": "0",
    "regionId": "347",
    "description": "Lair of the Demon Lord",
    "id": "347"
    },
    {
    "yOffset": "1",
    "xOffset": "1",
    "width": "8",
    "height": "8",
    "isLava": "0",
    "regionId": "348",
    "description": "The Baron's Gaol",
    "id": "348"
    },
    {
    "yOffset": "1",
    "xOffset": "1",
    "width": "8",
    "height": "8",
    "isLava": "0",
    "regionId": "349",
    "description": "Lios's Eternal Rest",
    "id": "349"
    },
    {
    "yOffset": "1",
    "xOffset": "1",
    "width": "8",
    "height": "8",
    "isLava": "0",
    "regionId": "350",
    "description": "Liche's Unrest",
    "id": "350"
    },
    {
    "yOffset": "1",
    "xOffset": "1",
    "width": "8",
    "height": "8",
    "isLava": "0",
    "regionId": "351",
    "description": "Nephraal's Gaol",
    "id": "351"
    },
    {
    "yOffset": "1",
    "xOffset": "1",
    "width": "8",
    "height": "8",
    "isLava": "0",
    "regionId": "352",
    "description": "Morfesa's Gaol",
    "id": "352"
    },
    {
    "yOffset": "1",
    "xOffset": "1",
    "width": "8",
    "height": "8",
    "isLava": "0",
    "regionId": "353",
    "description": "Den of Bones",
    "id": "353"
    },
    {
    "yOffset": "1",
    "xOffset": "1",
    "width": "8",
    "height": "8",
    "isLava": "0",
    "regionId": "354",
    "description": "The Lost Burrow",
    "id": "354"
    },
    {
    "yOffset": "1",
    "xOffset": "1",
    "width": "8",
    "height": "8",
    "isLava": "0",
    "regionId": "355",
    "description": "Hib 45 Dungeon",
    "id": "355"
    },
    {
    "yOffset": "1",
    "xOffset": "1",
    "width": "8",
    "height": "8",
    "isLava": "0",
    "regionId": "356",
    "description": "Alb 45 Dungeon",
    "id": "356"
    },
    {
    "yOffset": "1",
    "xOffset": "1",
    "width": "8",
    "height": "8",
    "isLava": "0",
    "regionId": "357",
    "description": "The Cursed Lair",
    "id": "357"
    },
    {
    "yOffset": "1",
    "xOffset": "1",
    "width": "8",
    "height": "8",
    "isLava": "0",
    "regionId": "358",
    "description": "The Burrow",
    "id": "358"
    },
    {
    "yOffset": "1",
    "xOffset": "1",
    "width": "8",
    "height": "8",
    "isLava": "0",
    "regionId": "359",
    "description": "Mid 45 Dungeon",
    "id": "359"
    },
    {
    "yOffset": "1",
    "xOffset": "1",
    "width": "8",
    "height": "8",
    "isLava": "0",
    "regionId": "360",
    "description": "King Eirik's Throne Room",
    "id": "360"
    },
    {
    "yOffset": "1",
    "xOffset": "1",
    "width": "8",
    "height": "8",
    "isLava": "0",
    "regionId": "361",
    "description": "Arachnid's Labyrinth",
    "id": "361"
    },
    {
    "yOffset": "1",
    "xOffset": "1",
    "width": "8",
    "height": "8",
    "isLava": "0",
    "regionId": "362",
    "description": "The Master's Lair",
    "id": "362"
    },
    {
    "yOffset": "1",
    "xOffset": "1",
    "width": "8",
    "height": "8",
    "isLava": "0",
    "regionId": "363",
    "description": "Anataeus' Sanctuary",
    "id": "363"
    },
    {
    "yOffset": "1",
    "xOffset": "1",
    "width": "8",
    "height": "8",
    "isLava": "0",
    "regionId": "364",
    "description": "Keeper Iraeda's Sanctuary",
    "id": "364"
    },
    {
    "yOffset": "1",
    "xOffset": "1",
    "width": "8",
    "height": "8",
    "isLava": "0",
    "regionId": "365",
    "description": "Bandit Lair",
    "id": "365"
    },
    {
    "yOffset": "1",
    "xOffset": "1",
    "width": "8",
    "height": "8",
    "isLava": "0",
    "regionId": "366",
    "description": "Gnoll Lair",
    "id": "366"
    },
    {
    "yOffset": "1",
    "xOffset": "1",
    "width": "8",
    "height": "8",
    "isLava": "0",
    "regionId": "367",
    "description": "Vandr's Bane",
    "id": "367"
    },
    {
    "yOffset": "1",
    "xOffset": "1",
    "width": "8",
    "height": "8",
    "isLava": "0",
    "regionId": "368",
    "description": "Past and Present",
    "id": "368"
    },
    {
    "yOffset": "1",
    "xOffset": "1",
    "width": "8",
    "height": "8",
    "isLava": "0",
    "regionId": "369",
    "description": "Half-Orc Camp",
    "id": "369"
    },
    {
    "yOffset": "1",
    "xOffset": "1",
    "width": "8",
    "height": "8",
    "isLava": "0",
    "regionId": "370",
    "description": "Brutal Realization",
    "id": "370"
    },
    {
    "yOffset": "1",
    "xOffset": "1",
    "width": "8",
    "height": "8",
    "isLava": "0",
    "regionId": "371",
    "description": "History Repeats Itself",
    "id": "371"
    },
    {
    "yOffset": "1",
    "xOffset": "1",
    "width": "8",
    "height": "8",
    "isLava": "0",
    "regionId": "372",
    "description": "Hounds of Arawn",
    "id": "372"
    },
    {
    "yOffset": "1",
    "xOffset": "1",
    "width": "8",
    "height": "8",
    "isLava": "0",
    "regionId": "373",
    "description": "Passage of Echoes",
    "id": "373"
    },
    {
    "yOffset": "1",
    "xOffset": "1",
    "width": "8",
    "height": "8",
    "isLava": "0",
    "regionId": "374",
    "description": "Unrestful Tomb",
    "id": "374"
    },
    {
    "yOffset": "1",
    "xOffset": "1",
    "width": "8",
    "height": "8",
    "isLava": "0",
    "regionId": "375",
    "description": "Lost Passages",
    "id": "375"
    },
    {
    "yOffset": "1",
    "xOffset": "1",
    "width": "8",
    "height": "8",
    "isLava": "0",
    "regionId": "376",
    "description": "Goblin's Cookery",
    "id": "376"
    },
    {
    "yOffset": "1",
    "xOffset": "1",
    "width": "8",
    "height": "8",
    "isLava": "0",
    "regionId": "377",
    "description": "The Beastmaster's Den",
    "id": "377"
    },
    {
    "yOffset": "1",
    "xOffset": "1",
    "width": "8",
    "height": "8",
    "isLava": "0",
    "regionId": "378",
    "description": "Keeper Garran's Sanctuary",
    "id": "378"
    },
    {
    "yOffset": "1",
    "xOffset": "1",
    "width": "8",
    "height": "8",
    "isLava": "0",
    "regionId": "379",
    "description": "The Funerary Hall",
    "id": "379"
    },
    {
    "yOffset": "1",
    "xOffset": "1",
    "width": "8",
    "height": "8",
    "isLava": "0",
    "regionId": "380",
    "description": "Lair of Doom",
    "id": "380"
    },
    {
    "yOffset": "1",
    "xOffset": "1",
    "width": "8",
    "height": "8",
    "isLava": "0",
    "regionId": "381",
    "description": "The Arena",
    "id": "381"
    },
    {
    "yOffset": "1",
    "xOffset": "1",
    "width": "8",
    "height": "8",
    "isLava": "0",
    "regionId": "382",
    "description": "The Funerary Hall",
    "id": "382"
    },
    {
    "yOffset": "1",
    "xOffset": "1",
    "width": "8",
    "height": "8",
    "isLava": "0",
    "regionId": "383",
    "description": "The Funerary Hall",
    "id": "383"
    },
    {
    "yOffset": "1",
    "xOffset": "1",
    "width": "8",
    "height": "8",
    "isLava": "0",
    "regionId": "384",
    "description": "The Ritual Hall",
    "id": "384"
    },
    {
    "yOffset": "1",
    "xOffset": "1",
    "width": "8",
    "height": "8",
    "isLava": "0",
    "regionId": "385",
    "description": "The Betrayer's Den",
    "id": "385"
    },
    {
    "yOffset": "1",
    "xOffset": "1",
    "width": "8",
    "height": "8",
    "isLava": "0",
    "regionId": "386",
    "description": "the Sundered Tombs",
    "id": "386"
    },
    {
    "yOffset": "1",
    "xOffset": "1",
    "width": "8",
    "height": "8",
    "isLava": "0",
    "regionId": "387",
    "description": "the Sundered Tombs",
    "id": "387"
    },
    {
    "yOffset": "1",
    "xOffset": "1",
    "width": "8",
    "height": "8",
    "isLava": "0",
    "regionId": "388",
    "description": "the Sundered Tombs",
    "id": "388"
    },
    {
    "yOffset": "1",
    "xOffset": "1",
    "width": "8",
    "height": "8",
    "isLava": "0",
    "regionId": "389",
    "description": "Shafts of the Tenebrae",
    "id": "389"
    },
    {
    "yOffset": "1",
    "xOffset": "1",
    "width": "8",
    "height": "8",
    "isLava": "0",
    "regionId": "390",
    "description": "Lair of the Exiled",
    "id": "390"
    },
    {
    "yOffset": "1",
    "xOffset": "1",
    "width": "8",
    "height": "8",
    "isLava": "0",
    "regionId": "391",
    "description": "La Tour des Arcanes ALB",
    "id": "391"
    },
    {
    "yOffset": "1",
    "xOffset": "1",
    "width": "8",
    "height": "8",
    "isLava": "0",
    "regionId": "392",
    "description": "The Hall of Reawakening",
    "id": "392"
    },
    {
    "yOffset": "1",
    "xOffset": "1",
    "width": "8",
    "height": "8",
    "isLava": "0",
    "regionId": "393",
    "description": "The Hidden Crypt",
    "id": "393"
    },
    {
    "yOffset": "1",
    "xOffset": "1",
    "width": "8",
    "height": "8",
    "isLava": "0",
    "regionId": "394",
    "description": "King Constantine's Throne Room",
    "id": "394"
    },
    {
    "yOffset": "1",
    "xOffset": "1",
    "width": "8",
    "height": "8",
    "isLava": "0",
    "regionId": "395",
    "description": "King Lamfhotas' Throne Room",
    "id": "395"
    },
    {
    "yOffset": "1",
    "xOffset": "1",
    "width": "8",
    "height": "8",
    "isLava": "0",
    "regionId": "396",
    "description": "Depths of Despair",
    "id": "396"
    },
    {
    "yOffset": "1",
    "xOffset": "1",
    "width": "8",
    "height": "8",
    "isLava": "0",
    "regionId": "397",
    "description": "the Realm of the Damned",
    "id": "397"
    },
    {
    "yOffset": "1",
    "xOffset": "1",
    "width": "8",
    "height": "8",
    "isLava": "0",
    "regionId": "398",
    "description": "La Tour des Arcanes MID",
    "id": "398"
    },
    {
    "yOffset": "1",
    "xOffset": "1",
    "width": "8",
    "height": "8",
    "isLava": "0",
    "regionId": "399",
    "description": "La Tour des Arcanes HIB",
    "id": "399"
    },
    {
    "yOffset": "1",
    "xOffset": "1",
    "width": "8",
    "height": "8",
    "isLava": "0",
    "regionId": "400",
    "description": "Burial Tomb",
    "id": "400"
    },
    {
    "yOffset": "1",
    "xOffset": "1",
    "width": "8",
    "height": "8",
    "isLava": "0",
    "regionId": "401",
    "description": "Burial Tomb",
    "id": "401"
    },
    {
    "yOffset": "1",
    "xOffset": "1",
    "width": "8",
    "height": "8",
    "isLava": "0",
    "regionId": "402",
    "description": "Burial Tomb",
    "id": "402"
    },
    {
    "yOffset": "1",
    "xOffset": "1",
    "width": "8",
    "height": "8",
    "isLava": "0",
    "regionId": "403",
    "description": "Burial Tomb",
    "id": "403"
    },
    {
    "yOffset": "1",
    "xOffset": "1",
    "width": "8",
    "height": "8",
    "isLava": "0",
    "regionId": "404",
    "description": "Burial Tomb",
    "id": "404"
    },
    {
    "yOffset": "1",
    "xOffset": "1",
    "width": "8",
    "height": "8",
    "isLava": "0",
    "regionId": "405",
    "description": "Desecrated Grounds",
    "id": "405"
    },
    {
    "yOffset": "1",
    "xOffset": "1",
    "width": "8",
    "height": "8",
    "isLava": "0",
    "regionId": "406",
    "description": "Desecrated Grounds",
    "id": "406"
    },
    {
    "yOffset": "1",
    "xOffset": "1",
    "width": "8",
    "height": "8",
    "isLava": "0",
    "regionId": "407",
    "description": "Desecrated Grounds",
    "id": "407"
    },
    {
    "yOffset": "1",
    "xOffset": "1",
    "width": "8",
    "height": "8",
    "isLava": "0",
    "regionId": "408",
    "description": "Desecrated Grounds",
    "id": "408"
    },
    {
    "yOffset": "1",
    "xOffset": "1",
    "width": "8",
    "height": "8",
    "isLava": "0",
    "regionId": "409",
    "description": "Desecrated Grounds",
    "id": "409"
    },
    {
    "yOffset": "1",
    "xOffset": "1",
    "width": "8",
    "height": "8",
    "isLava": "0",
    "regionId": "410",
    "description": "Forgotten Mines",
    "id": "410"
    },
    {
    "yOffset": "1",
    "xOffset": "1",
    "width": "8",
    "height": "8",
    "isLava": "0",
    "regionId": "411",
    "description": "Forgotten Mines",
    "id": "411"
    },
    {
    "yOffset": "1",
    "xOffset": "1",
    "width": "8",
    "height": "8",
    "isLava": "0",
    "regionId": "412",
    "description": "Forgotten Mines",
    "id": "412"
    },
    {
    "yOffset": "1",
    "xOffset": "1",
    "width": "8",
    "height": "8",
    "isLava": "0",
    "regionId": "413",
    "description": "Forgotten Mines",
    "id": "413"
    },
    {
    "yOffset": "1",
    "xOffset": "1",
    "width": "8",
    "height": "8",
    "isLava": "0",
    "regionId": "414",
    "description": "Forgotten Mines",
    "id": "414"
    },
    {
    "yOffset": "1",
    "xOffset": "1",
    "width": "8",
    "height": "8",
    "isLava": "0",
    "regionId": "415",
    "description": "The Funerary Hall",
    "id": "415"
    },
    {
    "yOffset": "1",
    "xOffset": "1",
    "width": "8",
    "height": "8",
    "isLava": "0",
    "regionId": "416",
    "description": "The Funerary Hall",
    "id": "416"
    },
    {
    "yOffset": "1",
    "xOffset": "1",
    "width": "8",
    "height": "8",
    "isLava": "0",
    "regionId": "417",
    "description": "The Funerary Hall",
    "id": "417"
    },
    {
    "yOffset": "1",
    "xOffset": "1",
    "width": "8",
    "height": "8",
    "isLava": "0",
    "regionId": "418",
    "description": "The Funerary Hall",
    "id": "418"
    },
    {
    "yOffset": "1",
    "xOffset": "1",
    "width": "8",
    "height": "8",
    "isLava": "0",
    "regionId": "419",
    "description": "The Funerary Hall",
    "id": "419"
    },
    {
    "yOffset": "1",
    "xOffset": "1",
    "width": "8",
    "height": "8",
    "isLava": "0",
    "regionId": "420",
    "description": "the Sundered Tombs",
    "id": "420"
    },
    {
    "yOffset": "1",
    "xOffset": "1",
    "width": "8",
    "height": "8",
    "isLava": "0",
    "regionId": "421",
    "description": "the Sundered Tombs",
    "id": "421"
    },
    {
    "yOffset": "1",
    "xOffset": "1",
    "width": "8",
    "height": "8",
    "isLava": "0",
    "regionId": "422",
    "description": "the Sundered Tombs",
    "id": "422"
    },
    {
    "yOffset": "1",
    "xOffset": "1",
    "width": "8",
    "height": "8",
    "isLava": "0",
    "regionId": "423",
    "description": "the Sundered Tombs",
    "id": "423"
    },
    {
    "yOffset": "1",
    "xOffset": "1",
    "width": "8",
    "height": "8",
    "isLava": "0",
    "regionId": "424",
    "description": "the Sundered Tombs",
    "id": "424"
    },
    {
    "yOffset": "1",
    "xOffset": "1",
    "width": "8",
    "height": "8",
    "isLava": "0",
    "regionId": "425",
    "description": "The Lost Wing",
    "id": "425"
    },
    {
    "yOffset": "1",
    "xOffset": "1",
    "width": "8",
    "height": "8",
    "isLava": "0",
    "regionId": "426",
    "description": "Deliah's Sanctuary",
    "id": "426"
    },
    {
    "yOffset": "1",
    "xOffset": "1",
    "width": "8",
    "height": "8",
    "isLava": "0",
    "regionId": "427",
    "description": "The Cursed Barrow",
    "id": "427"
    },
    {
    "yOffset": "1",
    "xOffset": "1",
    "width": "8",
    "height": "8",
    "isLava": "0",
    "regionId": "428",
    "description": "The Cursed Barrow",
    "id": "428"
    },
    {
    "yOffset": "1",
    "xOffset": "1",
    "width": "8",
    "height": "8",
    "isLava": "0",
    "regionId": "429",
    "description": "Snyblem's Lair",
    "id": "429"
    },
    {
    "yOffset": "1",
    "xOffset": "1",
    "width": "8",
    "height": "8",
    "isLava": "0",
    "regionId": "430",
    "description": "the Plutonian Shore",
    "id": "430"
    },
    {
    "yOffset": "1",
    "xOffset": "1",
    "width": "8",
    "height": "8",
    "isLava": "0",
    "regionId": "431",
    "description": "The Cursed Barrow",
    "id": "431"
    },
    {
    "yOffset": "1",
    "xOffset": "1",
    "width": "8",
    "height": "8",
    "isLava": "0",
    "regionId": "432",
    "description": "Dismal Grotto",
    "id": "432"
    },
    {
    "yOffset": "1",
    "xOffset": "1",
    "width": "8",
    "height": "8",
    "isLava": "0",
    "regionId": "433",
    "description": "Snarg's Grotto",
    "id": "433"
    },
    {
    "yOffset": "1",
    "xOffset": "1",
    "width": "8",
    "height": "8",
    "isLava": "0",
    "regionId": "434",
    "description": "Maze of Tribulation",
    "id": "434"
    },
    {
    "yOffset": "1",
    "xOffset": "1",
    "width": "8",
    "height": "8",
    "isLava": "0",
    "regionId": "435",
    "description": "The Smelting Pot",
    "id": "435"
    },
    {
    "yOffset": "1",
    "xOffset": "1",
    "width": "8",
    "height": "8",
    "isLava": "0",
    "regionId": "436",
    "description": "Forges of Flame",
    "id": "436"
    },
    {
    "yOffset": "1",
    "xOffset": "1",
    "width": "8",
    "height": "8",
    "isLava": "0",
    "regionId": "437",
    "description": "Hammer Hugak's Smithy",
    "id": "437"
    },
    {
    "yOffset": "1",
    "xOffset": "1",
    "width": "8",
    "height": "8",
    "isLava": "0",
    "regionId": "438",
    "description": "the Goblin Workshop",
    "id": "438"
    },
    {
    "yOffset": "1",
    "xOffset": "1",
    "width": "8",
    "height": "8",
    "isLava": "0",
    "regionId": "439",
    "description": "Wolak's Crucible",
    "id": "439"
    },
    {
    "yOffset": "1",
    "xOffset": "1",
    "width": "8",
    "height": "8",
    "isLava": "0",
    "regionId": "440",
    "description": "Marik's Workroom",
    "id": "440"
    },
    {
    "yOffset": "1",
    "xOffset": "1",
    "width": "8",
    "height": "8",
    "isLava": "0",
    "regionId": "441",
    "description": "Dismal Grotto",
    "id": "441"
    },
    {
    "yOffset": "1",
    "xOffset": "1",
    "width": "8",
    "height": "8",
    "isLava": "0",
    "regionId": "442",
    "description": "The Steward's Crypt",
    "id": "442"
    },
    {
    "yOffset": "1",
    "xOffset": "1",
    "width": "8",
    "height": "8",
    "isLava": "0",
    "regionId": "443",
    "description": "Serf's Folly",
    "id": "443"
    },
    {
    "yOffset": "1",
    "xOffset": "1",
    "width": "8",
    "height": "8",
    "isLava": "0",
    "regionId": "444",
    "description": "Dismal Grotto",
    "id": "444"
    },
    {
    "yOffset": "1",
    "xOffset": "1",
    "width": "8",
    "height": "8",
    "isLava": "0",
    "regionId": "445",
    "description": "Dark Cavern",
    "id": "445"
    },
    {
    "yOffset": "1",
    "xOffset": "1",
    "width": "8",
    "height": "8",
    "isLava": "0",
    "regionId": "446",
    "description": "Blathnait's Refuge",
    "id": "446"
    },
    {
    "yOffset": "1",
    "xOffset": "1",
    "width": "8",
    "height": "8",
    "isLava": "0",
    "regionId": "447",
    "description": "Broken Mirrors",
    "id": "447"
    },
    {
    "yOffset": "1",
    "xOffset": "1",
    "width": "8",
    "height": "8",
    "isLava": "0",
    "regionId": "448",
    "description": "Dark Cavern",
    "id": "448"
    },
    {
    "yOffset": "1",
    "xOffset": "1",
    "width": "8",
    "height": "8",
    "isLava": "0",
    "regionId": "449",
    "description": "Dark Cavern",
    "id": "449"
    },
    {
    "yOffset": "1",
    "xOffset": "1",
    "width": "8",
    "height": "8",
    "isLava": "0",
    "regionId": "450",
    "description": "The Cursed Barrow",
    "id": "450"
    },
    {
    "yOffset": "1",
    "xOffset": "1",
    "width": "8",
    "height": "8",
    "isLava": "0",
    "regionId": "451",
    "description": "The Cursed Barrow",
    "id": "451"
    },
    {
    "yOffset": "1",
    "xOffset": "1",
    "width": "8",
    "height": "8",
    "isLava": "0",
    "regionId": "452",
    "description": "The Cursed Barrow",
    "id": "452"
    },
    {
    "yOffset": "1",
    "xOffset": "1",
    "width": "8",
    "height": "8",
    "isLava": "0",
    "regionId": "453",
    "description": "The Cursed Barrow",
    "id": "453"
    },
    {
    "yOffset": "1",
    "xOffset": "1",
    "width": "8",
    "height": "8",
    "isLava": "0",
    "regionId": "454",
    "description": "The Cursed Barrow",
    "id": "454"
    },
    {
    "yOffset": "1",
    "xOffset": "1",
    "width": "8",
    "height": "8",
    "isLava": "0",
    "regionId": "455",
    "description": "Dismal Grotto",
    "id": "455"
    },
    {
    "yOffset": "1",
    "xOffset": "1",
    "width": "8",
    "height": "8",
    "isLava": "0",
    "regionId": "456",
    "description": "Dismal Grotto",
    "id": "456"
    },
    {
    "yOffset": "1",
    "xOffset": "1",
    "width": "8",
    "height": "8",
    "isLava": "0",
    "regionId": "457",
    "description": "Dismal Grotto",
    "id": "457"
    },
    {
    "yOffset": "1",
    "xOffset": "1",
    "width": "8",
    "height": "8",
    "isLava": "0",
    "regionId": "458",
    "description": "Dismal Grotto",
    "id": "458"
    },
    {
    "yOffset": "1",
    "xOffset": "1",
    "width": "8",
    "height": "8",
    "isLava": "0",
    "regionId": "459",
    "description": "Dismal Grotto",
    "id": "459"
    },
    {
    "yOffset": "1",
    "xOffset": "1",
    "width": "8",
    "height": "8",
    "isLava": "0",
    "regionId": "460",
    "description": "The Accursed Caves",
    "id": "460"
    },
    {
    "yOffset": "1",
    "xOffset": "1",
    "width": "8",
    "height": "8",
    "isLava": "0",
    "regionId": "461",
    "description": "The Accursed Caves",
    "id": "461"
    },
    {
    "yOffset": "1",
    "xOffset": "1",
    "width": "8",
    "height": "8",
    "isLava": "0",
    "regionId": "462",
    "description": "The Accursed Caves",
    "id": "462"
    },
    {
    "yOffset": "1",
    "xOffset": "1",
    "width": "8",
    "height": "8",
    "isLava": "0",
    "regionId": "463",
    "description": "The Accursed Caves",
    "id": "463"
    },
    {
    "yOffset": "1",
    "xOffset": "1",
    "width": "8",
    "height": "8",
    "isLava": "0",
    "regionId": "464",
    "description": "The Accursed Caves",
    "id": "464"
    },
    {
    "yOffset": "1",
    "xOffset": "1",
    "width": "8",
    "height": "8",
    "isLava": "0",
    "regionId": "465",
    "description": "Dark Cavern",
    "id": "465"
    },
    {
    "yOffset": "1",
    "xOffset": "1",
    "width": "8",
    "height": "8",
    "isLava": "0",
    "regionId": "466",
    "description": "Dark Cavern",
    "id": "466"
    },
    {
    "yOffset": "1",
    "xOffset": "1",
    "width": "8",
    "height": "8",
    "isLava": "0",
    "regionId": "467",
    "description": "Dark Cavern",
    "id": "467"
    },
    {
    "yOffset": "1",
    "xOffset": "1",
    "width": "8",
    "height": "8",
    "isLava": "0",
    "regionId": "468",
    "description": "Dark Cavern",
    "id": "468"
    },
    {
    "yOffset": "1",
    "xOffset": "1",
    "width": "8",
    "height": "8",
    "isLava": "0",
    "regionId": "469",
    "description": "Dark Cavern",
    "id": "469"
    },
    {
    "yOffset": "1",
    "xOffset": "1",
    "width": "8",
    "height": "8",
    "isLava": "0",
    "regionId": "470",
    "description": "Half Orc Command Post",
    "id": "470"
    },
    {
    "yOffset": "1",
    "xOffset": "1",
    "width": "8",
    "height": "8",
    "isLava": "0",
    "regionId": "471",
    "description": "Unused Mine",
    "id": "471"
    },
    {
    "yOffset": "1",
    "xOffset": "1",
    "width": "8",
    "height": "8",
    "isLava": "0",
    "regionId": "472",
    "description": "Unused Mine",
    "id": "472"
    },
    {
    "yOffset": "1",
    "xOffset": "1",
    "width": "8",
    "height": "8",
    "isLava": "0",
    "regionId": "473",
    "description": "Unused Mine",
    "id": "473"
    },
    {
    "yOffset": "1",
    "xOffset": "1",
    "width": "8",
    "height": "8",
    "isLava": "0",
    "regionId": "474",
    "description": "Unused Mine",
    "id": "474"
    },
    {
    "yOffset": "1",
    "xOffset": "1",
    "width": "8",
    "height": "8",
    "isLava": "0",
    "regionId": "475",
    "description": "Rise of the Spraggons",
    "id": "475"
    },
    {
    "yOffset": "1",
    "xOffset": "1",
    "width": "8",
    "height": "8",
    "isLava": "0",
    "regionId": "476",
    "description": "The Warrens",
    "id": "476"
    },
    {
    "yOffset": "1",
    "xOffset": "1",
    "width": "8",
    "height": "8",
    "isLava": "0",
    "regionId": "477",
    "description": "The Accursed Caves",
    "id": "477"
    },
    {
    "yOffset": "1",
    "xOffset": "1",
    "width": "8",
    "height": "8",
    "isLava": "0",
    "regionId": "478",
    "description": "The Accursed Caves",
    "id": "478"
    },
    {
    "yOffset": "1",
    "xOffset": "1",
    "width": "8",
    "height": "8",
    "isLava": "0",
    "regionId": "479",
    "description": "The Ancient's Retreat",
    "id": "479"
    },
    {
    "yOffset": "1",
    "xOffset": "1",
    "width": "8",
    "height": "8",
    "isLava": "0",
    "regionId": "480",
    "description": "The Shaman's Inner Sanctum",
    "id": "480"
    },
    {
    "yOffset": "1",
    "xOffset": "1",
    "width": "8",
    "height": "8",
    "isLava": "0",
    "regionId": "481",
    "description": "The Accursed Caves",
    "id": "481"
    },
    {
    "yOffset": "1",
    "xOffset": "1",
    "width": "8",
    "height": "8",
    "isLava": "0",
    "regionId": "482",
    "description": "Unused Mine",
    "id": "482"
    },
    {
    "yOffset": "1",
    "xOffset": "1",
    "width": "8",
    "height": "8",
    "isLava": "0",
    "regionId": "483",
    "description": "The Brawler's Den",
    "id": "483"
    },
    {
    "yOffset": "1",
    "xOffset": "1",
    "width": "8",
    "height": "8",
    "isLava": "0",
    "regionId": "484",
    "description": "Felena's Sorrow",
    "id": "484"
    },
    {
    "yOffset": "1",
    "xOffset": "1",
    "width": "8",
    "height": "8",
    "isLava": "0",
    "regionId": "485",
    "description": "Unused Mine",
    "id": "485"
    },
    {
    "yOffset": "1",
    "xOffset": "1",
    "width": "8",
    "height": "8",
    "isLava": "0",
    "regionId": "486",
    "description": "Unused Mine",
    "id": "486"
    },
    {
    "yOffset": "1",
    "xOffset": "1",
    "width": "8",
    "height": "8",
    "isLava": "0",
    "regionId": "487",
    "description": "The Pit of Despair",
    "id": "487"
    },
    {
    "yOffset": "1",
    "xOffset": "1",
    "width": "8",
    "height": "8",
    "isLava": "0",
    "regionId": "488",
    "description": "The Forgotten Vein",
    "id": "488"
    },
    {
    "yOffset": "1",
    "xOffset": "1",
    "width": "8",
    "height": "8",
    "isLava": "0",
    "regionId": "489",
    "description": "Demons breach",
    "id": "489"
    },
    {
    "yOffset": "1",
    "xOffset": "1",
    "width": "8",
    "height": "8",
    "isLava": "0",
    "regionId": "491",
    "description": "Maze of Madness",
    "id": "491"
    },
    {
    "yOffset": "1",
    "xOffset": "1",
    "width": "8",
    "height": "8",
    "isLava": "0",
    "regionId": "492",
    "description": "the Shattered Lands",
    "id": "492"
    },
    {
    "yOffset": "1",
    "xOffset": "1",
    "width": "8",
    "height": "8",
    "isLava": "0",
    "regionId": "494",
    "description": "the Gnolls Den",
    "id": "494"
    },
    {
    "yOffset": "1",
    "xOffset": "1",
    "width": "8",
    "height": "8",
    "isLava": "0",
    "regionId": "495",
    "description": "Inner Sanctum",
    "id": "495"
    },
    {
    "yOffset": "1",
    "xOffset": "1",
    "width": "8",
    "height": "8",
    "isLava": "0",
    "regionId": "496",
    "description": "the Deep",
    "id": "496"
    },
    {
    "yOffset": "1",
    "xOffset": "1",
    "width": "8",
    "height": "8",
    "isLava": "0",
    "regionId": "497",
    "description": "Mid Launch",
    "id": "497"
    },
    {
    "yOffset": "1",
    "xOffset": "1",
    "width": "8",
    "height": "8",
    "isLava": "0",
    "regionId": "498",
    "description": "Alb Launch",
    "id": "498"
    },
    {
    "yOffset": "1",
    "xOffset": "1",
    "width": "8",
    "height": "8",
    "isLava": "0",
    "regionId": "499",
    "description": "Hib Launch",
    "id": "499"
    }
]
}